weaponName,omnvarIdx,stringRef,image,<column 4>
iw8_sn_t9standard,0,WEAPON/SN_T9STANDARD,icon_weapon_sn_t9standard,rand_sniper+rand_sniperdmr+rand_primary+rand_weapon
iw8_sn_t9cannon,1,WEAPON/SN_T9CANNON,icon_weapon_sn_t9cannon,rand_sniper+rand_sniperdmr+rand_primary+rand_weapon
iw8_sn_t9quickscope,2,WEAPON/SN_T9QUICKSCOPE,icon_weapon_sn_t9quickscope,rand_sniper+rand_sniperdmr+rand_primary+rand_weapon
iw8_sn_hdromeo,3,WEAPON/SN_HDROMEO,icon_weapon_sn_hdromeo,rand_sniper+rand_sniperdmr+rand_primary+rand_weapon
iw8_sn_xmike109,4,WEAPON/SN_XMIKE109,icon_weapon_sn_xmike109,rand_sniper+rand_sniperdmr+rand_primary+rand_weapon
iw8_sn_alpha50,5,WEAPON/SN_ALPHA50,icon_weapon_sn_alpha50,rand_sniper+rand_sniperdmr+rand_primary+rand_weapon
iw8_sn_romeo700,6,WEAPON/SN_ROMEO700,icon_weapon_sn_romeo700,rand_sniper+rand_sniperdmr+rand_primary+rand_weapon
iw8_sn_t9accurate,7,WEAPON/SN_T9ACCURATE,icon_weapon_sn_t9accurate,rand_sniper+rand_sniperdmr+rand_primary+rand_weapon
iw8_sn_t9powersemi,8,WEAPON/SN_T9POWERSEMI,icon_weapon_sn_t9powersemi,rand_sniper+rand_sniperdmr+rand_primary+rand_weapon
iw8_sn_kilo98,9,WEAPON/SN_KILO98,icon_weapon_sn_kilo98,rand_sniper+rand_sniperdmr+rand_primary+rand_weapon
iw8_sn_sbeta,10,WEAPON/SN_SBETA,icon_weapon_sn_sbeta,rand_sniper+rand_sniperdmr+rand_primary+rand_weapon
iw8_sn_delta,11,WEAPON/SN_DELTA,icon_weapon_sn_delta,rand_sniper+rand_sniperdmr+rand_primary+rand_weapon
iw8_ar_mike4,12,WEAPON/AR_MIKE4,icon_weapon_ar_mike4,rand_assault+rand_primary+rand_weapon
iw8_ar_akilo47,13,WEAPON/AR_AKILO47,icon_weapon_ar_akilo47,rand_assault+rand_primary+rand_weapon
iw8_ar_falpha,14,WEAPON/AR_FALPHA,icon_weapon_ar_falpha,rand_assault+rand_primary+rand_weapon
iw8_ar_mcharlie,15,WEAPON/AR_MCHARLIE,icon_weapon_ar_mcharlie,rand_assault+rand_primary+rand_weapon
iw8_ar_falima,16,WEAPON/AR_FALIMA,icon_weapon_ar_falima,rand_assault+rand_primary+rand_weapon
iw8_ar_scharlie,17,WEAPON/AR_SCHARLIE,icon_weapon_ar_scharlie,rand_assault+rand_primary+rand_weapon
iw8_ar_asierra12,18,WEAPON/AR_ASIERRA12,icon_weapon_ar_asierra12,rand_assault+rand_primary+rand_weapon
iw8_ar_kilo433,19,WEAPON/AR_KILO433,icon_weapon_ar_kilo433,rand_assault+rand_primary+rand_weapon
iw8_ar_tango21,20,WEAPON/AR_TANGO21,icon_weapon_ar_tango21,rand_assault+rand_primary+rand_weapon
iw8_ar_sierra552,21,WEAPON/AR_SIERRA552,icon_weapon_ar_sierra552,rand_assault+rand_primary+rand_weapon
iw8_ar_galima,22,WEAPON/AR_GALIMA,icon_weapon_ar_galima,rand_assault+rand_primary+rand_weapon
iw8_ar_anovember94,23,WEAPON/AR_ANOVEMBER94,icon_weapon_ar_anovember94,rand_assault+rand_primary+rand_weapon
iw8_ar_valpha,24,WEAPON/AR_VALPHA,icon_weapon_ar_valpha,rand_assault+rand_primary+rand_weapon
iw8_sm_mpapa5,25,WEAPON/SM_MPAPA5,icon_weapon_sm_mpapa5,rand_smg+rand_primary+rand_weapon
iw8_sm_augolf,26,WEAPON/SM_AUGOLF,icon_weapon_sm_augolf,rand_smg+rand_primary+rand_weapon
iw8_sm_papa90,27,WEAPON/SM_PAPA90,icon_weapon_sm_papa90,rand_smg+rand_primary+rand_weapon
iw8_sm_mpapa7,28,WEAPON/SM_MPAPA7,icon_weapon_sm_mpapa7,rand_smg+rand_primary+rand_weapon
iw8_sm_beta,29,WEAPON/SM_BETA,icon_weapon_sm_beta,rand_smg+rand_primary+rand_weapon
iw8_sm_uzulu,30,WEAPON/SM_UZULU,icon_weapon_sm_uzulu,rand_smg+rand_primary+rand_weapon
iw8_sm_smgolf45,31,WEAPON/SM_SMGOLF45,icon_weapon_sm_smgolf45,rand_smg+rand_primary+rand_weapon
iw8_sm_victor,32,WEAPON/SM_VICTOR,icon_weapon_sm_victor,rand_smg+rand_primary+rand_weapon
iw8_sm_charlie9,33,WEAPON/SM_CHARLIE9,icon_weapon_sm_charlie9,rand_smg+rand_primary+rand_weapon
iw8_sn_mike14,34,WEAPON/SN_MIKE14,icon_weapon_sn_mike14,rand_dmr+rand_sniperdmr+rand_primary+rand_weapon
iw8_sn_crossbow,35,WEAPON/SN_CROSSBOW,icon_weapon_sn_crossbow,rand_dmr+rand_sniperdmr+rand_primary+rand_weapon
iw8_sn_sksierra,36,WEAPON/SN_SKSIERRA,icon_weapon_sn_sksierra,rand_dmr+rand_sniperdmr+rand_primary+rand_weapon
iw8_lm_kilo121,37,WEAPON/LM_KILO121,icon_weapon_lm_kilo121,rand_lmg+rand_primary+rand_weapon
iw8_lm_pkilo,38,WEAPON/LM_PKILO,icon_weapon_lm_pkilo,rand_lmg+rand_primary+rand_weapon
iw8_lm_lima86,39,WEAPON/LM_LIMA86,icon_weapon_lm_lima86,rand_lmg+rand_primary+rand_weapon
iw8_lm_mgolf34,40,WEAPON/LM_MGOLF34,icon_weapon_lm_mgolf34,rand_lmg+rand_primary+rand_weapon
iw8_lm_mgolf36,41,WEAPON/LM_MGOLF36,icon_weapon_lm_mgolf36,rand_lmg+rand_primary+rand_weapon
iw8_lm_mkilo3,42,WEAPON/LM_MKILO3,icon_weapon_lm_mkilo3,rand_lmg+rand_primary+rand_weapon
iw8_lm_sierrrax,43,WEAPON/LM_SIERRAX,icon_weapon_lm_sierrax,rand_lmg+rand_primary+rand_weapon
iw8_sh_dpapa12,44,WEAPON/SH_DPAPA12,icon_weapon_sh_dpapa12,rand_shotgun+rand_primary+rand_weapon
iw8_sh_romeo870,45,WEAPON/SH_ROMEO870,icon_weapon_sh_romeo870,rand_shotgun+rand_primary+rand_weapon
iw8_sh_charlie725,46,WEAPON/SH_CHARLIE725,icon_weapon_sh_charlie725,rand_shotgun+rand_primary+rand_weapon
iw8_sh_oscar12,47,WEAPON/SH_OSCAR12,icon_weapon_sh_oscar12,rand_shotgun+rand_primary+rand_weapon
iw8_sh_mike26,48,WEAPON/SH_MIKE26,icon_weapon_sh_mike26,rand_shotgun+rand_primary+rand_weapon
iw8_sh_aalpha12,49,WEAPON/SH_AALPHA12,icon_weapon_sh_aalpha12,rand_shotgun+rand_primary+rand_weapon
iw8_me_riotshield,50,WEAPON/ME_RIOTSHIELD,icon_weapon_me_riotshield,rand_primary+rand_weapon
iw8_pi_golf21,51,WEAPON/PI_GOLF21,icon_weapon_pi_golf21,rand_pistol+rand_weapon
iw8_pi_mike1911,52,WEAPON/PI_MIKE1911,icon_weapon_pi_mike_1911,rand_pistol+rand_weapon
iw8_pi_cpapa,53,WEAPON/PI_CPAPA,icon_weapon_pi_cpapa,rand_pistol+rand_weapon
iw8_pi_decho,54,WEAPON/PI_DECHO,icon_weapon_pi_decho,rand_pistol+rand_weapon
iw8_pi_papa320,55,WEAPON/PI_PAPA320,icon_weapon_pi_papa320,rand_pistol+rand_weapon
iw8_pi_mike9,56,WEAPON/PI_MIKE9,icon_weapon_pi_mike9,rand_pistol+rand_weapon
iw8_la_gromeo,57,WEAPON/LA_GROMEO,icon_weapon_la_gromeo,rand_launcher
iw8_la_rpapa7,58,WEAPON/LA_RPAPA7,icon_weapon_la_rpapa7,rand_launcher
iw8_la_juliet,59,WEAPON/LA_JULIET,icon_weapon_la_juliet,rand_launcher
iw8_la_kgolf,60,WEAPON/LA_KGOLF,icon_weapon_la_kgolf,rand_launcher
iw8_knife,61,WEAPON/KNIFE_ONLY,icon_weapon_me_soscar_knife,rand_melee
iw8_me_akimboblunt,62,WEAPON/AKIMBO_BLUNT,icon_weapon_me_kali_sticks,rand_melee
iw8_me_akimboblades,63,WEAPON/AKIMBO_BLADES,icon_weapon_me_sword,rand_melee
equip_frag,64,EQUIPMENT/FRAG,hud_icon_equipment_frag,rand_lethal
equip_semtex,65,EQUIPMENT/SEMTEX,hud_icon_equipment_semtex,rand_lethal
equip_molotov,66,EQUIPMENT/MOLOTOV,hud_icon_equipment_molotov,rand_lethal
equip_claymore,67,EQUIPMENT/CLAYMORE,hud_icon_equipment_claymore,rand_lethal
equip_throwing_knife,68,EQUIPMENT/THROWING_KNIFE,hud_icon_equipment_throwing_knife,rand_lethal
equip_throwing_knife_fire,69,EQUIPMENT/THROWING_KNIFE_FIRE,hud_icon_equipment_throwing_knife_fire,rand_lethal
equip_c4,70,EQUIPMENT/C4,hud_icon_equipment_c4,rand_lethal
equip_thermite,71,EQUIPMENT/THERMITE,hud_icon_equipment_thermite,rand_lethal
equip_at_mine,72,EQUIPMENT/AT_MINE,hud_icon_equipment_at_mine,rand_lethal
equip_flash,73,EQUIPMENT/FLASH,hud_icon_equipment_flash,rand_tactical
equip_smoke,74,EQUIPMENT/SMOKE,hud_icon_equipment_smoke,rand_tactical
equip_concussion,75,EQUIPMENT/CONCUSSION,hud_icon_equipment_stun,rand_tactical
equip_adrenaline,76,EQUIPMENT/ADRENALINE,hud_icon_equipment_stim,rand_tactical
equip_trophy,77,EQUIPMENT/TROPHY,hud_icon_equipment_trophy,rand_tactical
equip_snapshot_grenade,78,EQUIPMENT/SNAPSHOT_GRENADE,hud_icon_equipment_snapshot,rand_tactical
equip_decoy,79,EQUIPMENT/DECOY,hud_icon_equipment_decoy,rand_tactical
equip_snowball,80,EQUIPMENT/SNOWBALL,hud_icon_equipment_snowball,snow
equip_pball,81,EQUIPMENT/PBALL,hud_icon_equipment_snowball_pball,snow
none,82,WEAPON/FISTS,icon_weapon_me_fists,rand_none
